question,answer,category,source,last_updated
"What is the water test (initial test run), and why should I do it?","The water test is a first-run procedure that confirms the cooker can build and release pressure correctly before cooking food. It helps you verify the sealing ring is seated, the lid is installed properly, and the steam release mechanism works.","Setup","Instant Pot Duo User Manual (Initial Test Run)","2026-02-01"
"How do I perform the water test on the Instant Pot Duo?","1) Place the inner pot in the base and add about 3 cups of water. 2) Close the lid and set the steam release to the sealing position. 3) Select Pressure Cook (or Manual), set 5 minutes on High pressure. 4) After the cycle ends, allow a short Natural Release, then carefully Quick Release any remaining pressure. 5) Open the lid once the float valve drops.","Setup","Instant Pot Duo User Manual (Initial Test Run)","2026-02-01"
"Where does the sealing ring go, and how do I know it’s installed correctly?","The silicone sealing ring fits around the metal ring rack on the underside of the lid. It should sit evenly with no gaps or twists. A properly seated ring lies flat in the groove and does not sag or bulge in one area.","Setup","Instant Pot Duo User Manual (Lid Parts)","2026-02-01"
"Why does my lid feel loose even when it’s closed?","Some looseness is normal before pressure builds. Once the cooker pressurizes, the float valve rises and the lid locks more firmly. If it never pressurizes, check the sealing ring, float valve, and steam release position.","Troubleshooting","Instant Pot Duo User Manual (Pressurizing)","2026-02-01"
"What is the float valve and what does it indicate?","The float valve is a small pin near the steam release area that rises when the cooker is pressurized. When it is up, the cooker is under pressure and the lid should not be opened. When it drops, pressure has released and the lid can be opened.","Safety","Instant Pot Duo User Manual (Float Valve)","2026-02-01"
"Can I open the lid while the float valve is up?","No. If the float valve is up, the cooker is pressurized and the lid should not be opened. Wait for pressure to release naturally or use a controlled quick release (as appropriate for the recipe) until the float valve drops.","Safety","Instant Pot Duo User Manual (Safety Information)","2026-02-01"
"What is the difference between Natural Release and Quick Release?","Natural Release lets pressure drop gradually as the cooker cools, which can help reduce foaming and prevent food from spurting through the steam release. Quick Release vents steam rapidly by moving the steam release to venting, which is faster but can be vigorous.","Pressure Cooking","Instant Pot Duo User Manual (Pressure Release Methods)","2026-02-01"
"How long does a Natural Release take?","Natural Release time varies with the amount of food and liquid. Small loads may take around 10–15 minutes; larger or denser loads can take longer. Use the float valve as the indicator—release is complete when it drops.","Pressure Cooking","Instant Pot Duo User Manual (Pressure Release Methods)","2026-02-01"
"Why is steam leaking from the sides of the lid during cooking?","Steam leakage can occur if the sealing ring is not seated evenly, the lid is not fully closed, the sealing ring is damaged, or the lid/float valve area is dirty. Stop the cycle, let it cool and depressurize, then reseat/clean the sealing ring and lid parts.","Troubleshooting","Instant Pot Duo User Manual (Troubleshooting: Steam Leaks)","2026-02-01"
"Why is steam coming from the steam release valve during pressurizing?","Some steam during the pressurizing phase can be normal. If steam continues steadily and the cooker never reaches pressure, confirm the steam release is set to sealing and check the sealing ring and float valve for cleanliness and proper installation.","Troubleshooting","Instant Pot Duo User Manual (Troubleshooting: Not Sealing)","2026-02-01"
"Why won’t my Instant Pot Duo come to pressure?","Common causes include: not enough liquid, steam release set to venting instead of sealing, sealing ring not seated, food debris on the sealing ring or float valve, overfilling beyond max lines, or a lid not fully closed. Correct the issue and try again.","Troubleshooting","Instant Pot Duo User Manual (Troubleshooting: Not Pressurizing)","2026-02-01"
"Why isn’t the timer counting down yet?","The cooker counts down only after it reaches pressure (or after it finishes preheating for some non-pressure programs). During preheat/pressurizing, the display may show activity but the cook time has not started yet.","Pressure Cooking","Instant Pot Duo User Manual (Cooking Stages)","2026-02-01"
"What does the 'Burn' notice usually mean?","A 'Burn' notice generally indicates the cooker detected overheating at the bottom, often due to insufficient thin liquid, food sticking, thick sauces, or scorched residue on the inner pot. It is a protection feature to prevent further burning.","Troubleshooting","Instant Pot Duo User Manual (Troubleshooting: Burn)","2026-02-01"
"How do I respond if I get a 'Burn' notice?","1) Cancel the program. 2) Allow pressure to release safely. 3) Open the lid and check for sticking/burning. 4) Add more thin liquid if appropriate and scrape the bottom clean. 5) Avoid thickening agents during pressure cooking; thicken after cooking using Sauté.","Troubleshooting","Instant Pot Duo User Manual (Troubleshooting: Burn)","2026-02-01"
"How can I prevent burning when cooking thick foods (chili, curry, pasta sauce)?","Use enough thin liquid (water, broth), deglaze browned bits fully before pressure cooking, layer thick ingredients on top without stirring (if the recipe calls for it), and add dairy or thickeners after pressure cooking. Consider pot-in-pot for delicate sauces.","Cooking Tips","Instant Pot Duo User Manual (Cooking Tips)","2026-02-01"
"What is the minimum liquid required for pressure cooking?","Pressure cooking requires thin liquid to create steam. Use at least about 1 to 1.5 cups of thin liquid unless a tested recipe states otherwise for your specific size/model. Too little liquid can prevent pressure and trigger overheating warnings.","Pressure Cooking","Instant Pot Duo User Manual (Pressure Cooking Basics)","2026-02-01"
"What is the max fill line and why does it matter?","The inner pot has max fill indicators to prevent overfilling. Overfilling can clog the steam path and cause foaming or venting issues. For foods that expand or foam (beans, grains), stay below the lower max line recommended for those foods.","Safety","Instant Pot Duo User Manual (Max Fill)","2026-02-01"
"Can I cook dried beans in the Instant Pot Duo?","Yes. Rinse beans, avoid overfilling, and consider a Natural Release to reduce foaming. For very foamy beans, use enough water and do not exceed the recommended fill line for beans/grains.","Cooking Programs","Instant Pot Duo User Manual (Beans/Chili Guidance)","2026-02-01"
"Can I cook rice in the Instant Pot Duo?","Yes. Use a rice-to-water ratio appropriate for the type of rice, and allow a short Natural Release before opening. Rinse rice to reduce foam and sticking.","Cooking Programs","Instant Pot Duo User Manual (Rice Guidance)","2026-02-01"
"What does the Keep Warm function do?","Keep Warm maintains serving temperature after cooking finishes. It can be turned on or off depending on the program. For food safety, do not rely on Keep Warm for very long storage; refrigerate leftovers promptly.","Features","Instant Pot Duo User Manual (Keep Warm)","2026-02-01"
"What is the Delay Start function used for?","Delay Start schedules cooking to begin later. Use it cautiously with perishable foods; avoid leaving meat, dairy, or cooked rice at room temperature for extended periods before cooking begins.","Features","Instant Pot Duo User Manual (Delay Start)","2026-02-01"
"How do I cancel a program?","Press Cancel to stop the current program. If the cooker is pressurized, follow a safe release method before opening the lid.","Features","Instant Pot Duo User Manual (Control Panel)","2026-02-01"
"What is the Sauté program used for?","Sauté heats the inner pot like a stovetop pan. It’s used for browning meat, softening aromatics, or reducing/thickening sauces after pressure cooking. Deglaze browned bits to help prevent burn warnings later.","Cooking Programs","Instant Pot Duo User Manual (Sauté)","2026-02-01"
"Why is deglazing important after sautéing?","Deglazing dissolves browned bits stuck to the bottom using thin liquid (water or broth). If browned bits remain, they can cause uneven heating and may trigger a burn notice during pressure cooking.","Cooking Tips","Instant Pot Duo User Manual (Cooking Tips)","2026-02-01"
"Can I use the inner pot on a stovetop?","Many stainless-steel inner pots can be used on compatible stovetops for sautéing or reducing, but compatibility depends on your specific inner pot material and stove type. Avoid using non-compatible cookware surfaces and follow the inner pot care guidance.","Care & Cleaning","Instant Pot Duo User Manual (Inner Pot Care)","2026-02-01"
"Are the lid and sealing ring dishwasher safe?","Many removable parts (sealing ring, steam release parts, condensation collector) are commonly dishwasher safe on the top rack, but follow the care instructions for your specific model. Hand-washing can extend life and reduce odor retention.","Care & Cleaning","Instant Pot Duo User Manual (Cleaning)","2026-02-01"
"How do I clean the sealing ring?","Remove the sealing ring and wash it with warm, soapy water. Rinse and dry thoroughly before reinstalling. Clean the lid and steam path regularly to prevent odor and ensure proper sealing.","Care & Cleaning","Instant Pot Duo User Manual (Cleaning)","2026-02-01"
"How do I remove odors from the sealing ring?","Odors can cling to silicone. Try washing thoroughly, then air-drying completely. Some users keep separate rings for savory vs sweet foods. You can also run a steam cycle with water and a small amount of vinegar, then rinse and dry.","Care & Cleaning","Instant Pot Duo User Manual (Odor Tips)","2026-02-01"
"How do I clean the float valve area?","After the cooker is off, cooled, and depressurized, remove the lid and clean around the float valve with warm water. Ensure the valve moves freely and there is no food residue blocking it.","Care & Cleaning","Instant Pot Duo User Manual (Cleaning Lid Parts)","2026-02-01"
"Why is the float valve stuck down?","The float valve may be dirty, blocked by residue, or the cooker may not be building pressure due to sealing issues. Clean the valve area, confirm enough liquid is present, and verify the sealing ring and steam release position.","Troubleshooting","Instant Pot Duo User Manual (Troubleshooting: Float Valve)","2026-02-01"
"Why is the float valve stuck up after cooking?","Food residue can cause the float valve to stick. Allow more time for pressure to release, then gently tap the lid or use a utensil carefully after confirming pressure is fully released. Clean the float valve area after use.","Troubleshooting","Instant Pot Duo User Manual (Troubleshooting: Float Valve)","2026-02-01"
"Why is my lid stuck and won’t open?","A lid can be stuck if there is still pressure or if the float valve has not fully dropped. Do not force it. Use an appropriate release method and wait until the float valve drops completely before opening.","Safety","Instant Pot Duo User Manual (Safety: Lid)","2026-02-01"
"Why does quick release spray liquid or foam?","Starchy or foamy foods (pasta, oatmeal, beans) can foam during rapid venting. Use Natural Release or a slow, controlled release when recommended, avoid overfilling, and consider adding oil only as directed by a tested recipe.","Safety","Instant Pot Duo User Manual (Foaming Foods)","2026-02-01"
"How do I reduce foaming for beans or grains?","Rinse thoroughly, avoid overfilling, use enough water, and prefer Natural Release. For very foamy recipes, use techniques like soaking beans (if appropriate) and following tested ratios and fill guidance.","Cooking Tips","Instant Pot Duo User Manual (Foaming Foods)","2026-02-01"
"What is pot-in-pot cooking and when should I use it?","Pot-in-pot places a smaller oven-safe container on a trivet inside the inner pot. It’s useful for delicate foods, preventing scorching, and cooking multiple items. You still need thin liquid in the inner pot to generate steam.","Cooking Tips","Instant Pot Duo User Manual (Pot-in-Pot)","2026-02-01"
"What is the trivet used for?","A trivet keeps food elevated above the bottom of the inner pot, which can reduce sticking and is useful for steaming or pot-in-pot cooking. It also improves circulation of steam around the food.","Accessories","Instant Pot Duo User Manual (Included Accessories)","2026-02-01"
"What is the condensation collector and what does it do?","The condensation collector catches moisture that drips from the lid during cooking. Empty and clean it regularly to prevent odors and buildup.","Care & Cleaning","Instant Pot Duo User Manual (Condensation Collector)","2026-02-01"
"Where does the condensation collector attach?","It attaches to the back of the cooker base in the designated slot. Ensure it is seated securely before cooking.","Setup","Instant Pot Duo User Manual (Condensation Collector)","2026-02-01"
"Can I place the Instant Pot Duo under cabinets while venting?","Avoid placing the cooker where steam can damage cabinets. During quick release, steam vents upward and can be hot and forceful. Provide clearance and direct steam away from surfaces and hands.","Safety","Instant Pot Duo User Manual (Steam & Placement)","2026-02-01"
"Is it normal to hear clicking sounds while cooking?","Yes. Clicking can be normal as heating elements cycle and internal components adjust. If you see error indications or the cooker behaves abnormally, stop and troubleshoot.","Troubleshooting","Instant Pot Duo User Manual (Normal Operating Sounds)","2026-02-01"
"Can I deep fry in the Instant Pot Duo?","No. The Instant Pot Duo is not designed for deep frying under pressure, and deep frying poses burn and fire risks. Use appropriate equipment for frying.","Safety","Instant Pot Duo User Manual (Safety Information)","2026-02-01"
"Can I use the Instant Pot Duo for pressure canning?","No. Electric pressure cookers like the Instant Pot Duo are not designed or certified for pressure canning. Use a dedicated pressure canner and follow tested canning guidelines.","Safety","Instant Pot Duo User Manual (Intended Use)","2026-02-01"
"Why does the Instant Pot take so long? I set 10 minutes but it runs longer.","Total time includes preheat/pressurizing, the cook time, and pressure release. Pressurizing can take several minutes depending on volume, temperature of ingredients, and how full the pot is.","Pressure Cooking","Instant Pot Duo User Manual (Cooking Stages)","2026-02-01"
"How do I cook frozen meat in the Instant Pot Duo?","Frozen meat can be pressure cooked by increasing cook time and ensuring enough thin liquid is present. Separate pieces if possible so steam can circulate. Always confirm safe internal temperature after cooking.","Cooking Tips","Instant Pot Duo User Manual (Cooking from Frozen)","2026-02-01"
"Can I pressure cook with only oil and no water or broth?","No. Pressure cooking requires thin liquid to generate steam. Oil alone will not create steam for pressurization and can cause overheating or burn warnings.","Pressure Cooking","Instant Pot Duo User Manual (Pressure Cooking Basics)","2026-02-01"
"Why is my food undercooked after the cycle completes?","Possible reasons include insufficient time, overly large pieces, not enough liquid to maintain pressure, or releasing pressure too quickly for foods that benefit from carryover cooking. Adjust cook time and use Natural Release when appropriate.","Troubleshooting","Instant Pot Duo User Manual (Troubleshooting: Undercooked)","2026-02-01"
"Why is my food overcooked or mushy?","Cook time may be too long, pieces too small, or Natural Release too lengthy for delicate foods. Reduce time, quick release when appropriate (non-foamy foods), and use recommended settings for specific ingredients.","Troubleshooting","Instant Pot Duo User Manual (Troubleshooting: Overcooked)","2026-02-01"
"What is High vs Low pressure?","High pressure cooks faster and is used for most pressure recipes. Low pressure is gentler and can be used for delicate items. Choose according to the recipe.","Pressure Cooking","Instant Pot Duo User Manual (Pressure Settings)","2026-02-01"
"How do I adjust cooking for high altitude?","At higher altitudes, water boils at a lower temperature, which can require longer cook times. Increase pressure cooking time in small increments and rely on tested guidance when available.","Cooking Tips","Instant Pot Duo User Manual (Altitude Tips)","2026-02-01"
"Why does the steam release feel loud or forceful?","Quick release vents pressurized steam rapidly and can be loud. Keep hands away from the vent, ensure clearance above the cooker, and consider a towel technique only if your manual permits it and it does not block the vent.","Safety","Instant Pot Duo User Manual (Quick Release Safety)","2026-02-01"
"How often should I replace the sealing ring?","Replace the sealing ring if it is cracked, stretched, hardened, or retains strong odors that cleaning cannot remove. Many users keep spare rings and rotate them based on use frequency.","Care & Cleaning","Instant Pot Duo User Manual (Sealing Ring Care)","2026-02-01"
"Why does my sealing ring smell like previous meals?","Silicone can absorb odors. Thorough cleaning and complete drying helps. Keeping separate rings for different types of foods (savory vs sweet) can minimize odor transfer.","Care & Cleaning","Instant Pot Duo User Manual (Odor Tips)","2026-02-01"
"How do I reinstall the sealing ring after cleaning?","Press the ring evenly onto the metal ring rack under the lid, working around the circle until it sits flat and uniform. Ensure it is not twisted or partially seated.","Care & Cleaning","Instant Pot Duo User Manual (Sealing Ring Installation)","2026-02-01"
"Why is there a metallic smell the first time I use it?","A mild new-appliance smell can be normal on first uses. Perform the water test, wash removable parts, and ensure packaging materials are removed. Persistent strong odors should be investigated before continued use.","Setup","Instant Pot Duo User Manual (Before First Use)","2026-02-01"
"How do I clean the inner pot after scorched food?","Let the pot soak with warm water and dish soap to loosen residue. Avoid abrasive tools that damage surfaces. For stubborn residue, use a non-scratch pad and a baking-soda paste.","Care & Cleaning","Instant Pot Duo User Manual (Cleaning)","2026-02-01"
"How do I remove hard water stains from the inner pot?","Use a vinegar-and-water solution or a non-abrasive descaling approach recommended for stainless steel. Rinse and dry thoroughly after cleaning.","Care & Cleaning","Instant Pot Duo User Manual (Cleaning)","2026-02-01"
"What should I do if the display shows an error and stops?","Cancel the program and unplug the cooker. Allow it to cool, then check for obvious issues like overfilling, insufficient liquid, or blocked vents. If the error repeats after basic checks, consult official troubleshooting guidance or customer support.","Troubleshooting","Instant Pot Duo User Manual (Troubleshooting: Errors)","2026-02-01"
"Why does steam leak from around the float valve?","A small amount of steam during pressurizing can be normal. Persistent leaking may indicate the float valve is dirty, not seated, or the sealing ring/lid fit is compromised. Clean the valve and confirm proper assembly.","Troubleshooting","Instant Pot Duo User Manual (Troubleshooting: Steam Leaks)","2026-02-01"
"Can I move the cooker while it is pressurized?","No. Do not move the cooker while it is pressurized or actively venting. Movement can cause spills, burns, or malfunction.","Safety","Instant Pot Duo User Manual (Safety Information)","2026-02-01"
"Is it safe to leave the cooker unattended?","Monitor the cooker, especially during first-time recipes and quick release. Follow the manual’s safety guidance and keep the area clear of children and pets.","Safety","Instant Pot Duo User Manual (Safety Information)","2026-02-01"
"How do I thicken a sauce after pressure cooking?","After releasing pressure and opening the lid, use Sauté to simmer and reduce, or add a slurry (starch + cold water) and simmer briefly. Avoid adding thickeners before pressure cooking to reduce burn risk.","Cooking Tips","Instant Pot Duo User Manual (Thickening & Sauté)","2026-02-01"
"Can I cook pasta in the Instant Pot Duo?","Yes, but pasta can foam and stick. Use enough thin liquid, do not overfill, and consider a controlled release method. Follow a tested pasta method for your recipe type.","Cooking Tips","Instant Pot Duo User Manual (Foaming Foods)","2026-02-01"
"Why is there food residue in the steam release parts?","Foamy foods can push starch into the steam path. Prevent overfilling, use Natural Release when recommended, and clean the steam release components and anti-block area regularly.","Care & Cleaning","Instant Pot Duo User Manual (Cleaning Lid Parts)","2026-02-01"
"How do I store the Instant Pot and lid?","Store the cooker clean and dry. To reduce odors, store the lid upside down on the cooker or separately so air can circulate, rather than sealing the lid tightly when not in use.","Care & Cleaning","Instant Pot Duo User Manual (Storage)","2026-02-01"
"Can I use abrasive cleaners on the inner pot or exterior?","Avoid abrasive cleaners that can scratch surfaces. Use mild dish soap and non-scratch tools. Wipe the exterior with a damp cloth and dry.","Care & Cleaning","Instant Pot Duo User Manual (Cleaning)","2026-02-01"
"How do I wipe the heating element area?","Unplug the cooker and allow it to cool. Remove the inner pot. Wipe the inside of the base with a slightly damp cloth, avoiding excess water. Keep electrical components dry.","Care & Cleaning","Instant Pot Duo User Manual (Cleaning Base)","2026-02-01"
"Why is my food sticking to the bottom even with enough liquid?","Sticking can occur if there are browned bits not fully deglazed, if ingredients are very thick, or if the bottom is not clean. Deglaze thoroughly and avoid stirring thick sauces into the bottom layer before pressure cooking.","Cooking Tips","Instant Pot Duo User Manual (Deglazing)","2026-02-01"
"How do I know the steam release is in the correct position?","For pressure cooking, set steam release to sealing so pressure can build. For venting/quick release, move it to venting carefully, keeping hands away from steam.","Pressure Cooking","Instant Pot Duo User Manual (Steam Release)","2026-02-01"
"Why does the cooker vent briefly when I close the lid?","A brief puff of air/steam can happen as the lid is positioned and the valve components settle. Persistent venting during cooking usually indicates sealing or assembly issues.","Troubleshooting","Instant Pot Duo User Manual (Troubleshooting: Steam Leaks)","2026-02-01"
"Can I use recipes from other pressure cookers?","Use tested recipes designed for electric pressure cookers when possible. If adapting stovetop pressure cooker recipes, times and liquid requirements may differ; adjust carefully and verify doneness and safety.","Cooking Tips","Instant Pot Duo User Manual (Recipe Guidance)","2026-02-01"
"Where can I find the serial number?","The serial number is typically located on a label on the cooker base. Refer to the product label area on the unit for identification details.","Support","Instant Pot Duo User Manual (Product Identification)","2026-02-01"
"What should I do if the cooker won’t turn on?","Check that the power cord is fully seated, the outlet works, and the inner pot is correctly placed. If it still won’t power on, stop using it and consult official support or warranty guidance.","Troubleshooting","Instant Pot Duo User Manual (Troubleshooting: Power)","2026-02-01"
"Why does the cooker beep and stop immediately after starting?","This can happen if the lid is not installed correctly for a lid-required program, or if settings were not confirmed. Recheck the selected program and ensure the lid is properly closed for pressure cooking.","Troubleshooting","Instant Pot Duo User Manual (Troubleshooting: Controls)","2026-02-01"
"Can I use the Instant Pot Duo to slow cook?","Yes, many Duo models include a Slow Cook program. Slow cooking uses lower heat over longer periods and does not require pressurization. Follow program guidance and use an appropriate lid configuration if required.","Cooking Programs","Instant Pot Duo User Manual (Slow Cook)","2026-02-01"
"How does the Yogurt program work?","The Yogurt program maintains temperatures suitable for culturing yogurt. It typically includes boil (optional) and incubation steps. Use a tested method to ensure safe temperature control and culture viability.","Cooking Programs","Instant Pot Duo User Manual (Yogurt)","2026-02-01"
"Can I put the lid in the dishwasher?","Many lids are dishwasher safe on the top rack, but frequent dishwasher use may affect some components over time. Remove the sealing ring and small parts as directed and ensure everything dries fully.","Care & Cleaning","Instant Pot Duo User Manual (Cleaning Lid Parts)","2026-02-01"
"Why does my kitchen smell like steam or food during venting?","Quick release vents steam and aroma into the air. This is normal. Ensure ventilation and keep the cooker away from cabinets or sensitive surfaces.","Safety","Instant Pot Duo User Manual (Steam & Placement)","2026-02-01"
"Can I use the Instant Pot Duo near children or pets?","Use caution. Keep children and pets away during operation and venting. Steam and hot surfaces can cause burns.","Safety","Instant Pot Duo User Manual (Safety Information)","2026-02-01"
"What cookware materials are safe inside the Instant Pot for pot-in-pot?","Use oven-safe containers such as stainless steel, silicone, or heat-safe glass that fit with clearance. Ensure the container allows steam circulation and does not prevent lid closure.","Accessories","Instant Pot Duo User Manual (Pot-in-Pot)","2026-02-01"
"Why is the steam release wet after cooking?","Condensation and moisture in the steam path is normal. Clean and dry removable parts after use to prevent buildup and odors.","Care & Cleaning","Instant Pot Duo User Manual (Cleaning Lid Parts)","2026-02-01"
"Why does my rice sometimes foam during cooking?","Starch can foam, especially if rice isn’t rinsed or if the pot is overfilled. Rinse rice, follow appropriate ratios, and consider a Natural Release to reduce foaming.","Cooking Tips","Instant Pot Duo User Manual (Foaming Foods)","2026-02-01"
"Is it okay to stack ingredients and not stir?","Some recipes instruct layering (e.g., liquids at the bottom, thicker sauces on top) to reduce burn risk. Follow tested recipe layering instructions; stirring thick mixtures into the bottom can increase scorching.","Cooking Tips","Instant Pot Duo User Manual (Cooking Tips)","2026-02-01"
"Why does my stew come out watery?","Pressure cooking traps moisture, so less evaporation occurs than stovetop cooking. Thicken after cooking using Sauté to reduce, or add a thickener after pressure cooking.","Cooking Tips","Instant Pot Duo User Manual (Thickening & Sauté)","2026-02-01"
"Can I use canned tomatoes in pressure cooking without issues?","Tomatoes can be acidic and sometimes contribute to burn warnings if thickened or mixed into the bottom layer. Use enough thin liquid, deglaze well, and consider adding tomato products on top as a layer if the recipe recommends.","Cooking Tips","Instant Pot Duo User Manual (Cooking Tips)","2026-02-01"
"What’s the safest way to quick release?","Move the steam release to venting carefully, keep hands/face away, and ensure the steam jet is not directed toward cabinets. For foamy foods, use Natural Release or a controlled release when recommended.","Safety","Instant Pot Duo User Manual (Quick Release Safety)","2026-02-01"
"How do I know when it’s safe to open after natural release?","It is safe to open when the float valve has dropped fully and there is no remaining pressure. Do not force the lid.","Safety","Instant Pot Duo User Manual (Float Valve)","2026-02-01"
"Why does the cook time seem inconsistent between runs?","Pressurizing time varies with ingredient temperature, volume, altitude, and how full the pot is. The cook time is consistent once pressure is reached, but total elapsed time can change.","Pressure Cooking","Instant Pot Duo User Manual (Cooking Stages)","2026-02-01"
"Can I cook oatmeal in the Instant Pot Duo?","Oatmeal can foam. Use a larger pot size when possible, do not overfill, and prefer Natural Release to reduce sputtering. Follow a tested oatmeal method for ratios and safety.","Cooking Tips","Instant Pot Duo User Manual (Foaming Foods)","2026-02-01"
"Can I use baking soda to clean the inner pot?","Yes, a baking-soda paste can help with stubborn residue. Use non-scratch tools and rinse thoroughly.","Care & Cleaning","Instant Pot Duo User Manual (Cleaning)","2026-02-01"
"Should I dry the sealing ring before reinstalling?","Yes. Dry the sealing ring and lid components thoroughly to reduce odors and help maintain a good seal.","Care & Cleaning","Instant Pot Duo User Manual (Cleaning & Storage)","2026-02-01"
"How do I avoid splatter when releasing pressure?","Use Natural Release for foamy foods, or vent in short bursts (controlled release) if appropriate, keeping hands away. Ensure the cooker is not overfilled and the steam path is clean.","Safety","Instant Pot Duo User Manual (Foaming Foods)","2026-02-01"
"Can I transport the cooker with food inside?","Transport only when the cooker is off, cooled, and not pressurized. Avoid moving it while hot or filled to the brim to prevent spills and burns.","Safety","Instant Pot Duo User Manual (Safety Information)","2026-02-01"
"How can I extend the lifespan of the sealing ring and lid parts?","Clean regularly, avoid sharp tools, dry fully, store with airflow, and replace worn silicone parts. Keeping spare rings and rotating them can help reduce odor and wear.","Care & Cleaning","Instant Pot Duo User Manual (Sealing Ring Care)","2026-02-01"
"What’s the best practice for leftovers after Keep Warm?","Do not leave perishable foods at warm temperatures for extended periods. Refrigerate leftovers promptly and reheat safely.","Safety","Instant Pot Duo User Manual (Food Safety Notes)","2026-02-01"
"Does the Instant Pot Duo depressurize instantly when I hit Cancel?","No. Cancel stops heating, but pressure remains until it releases naturally or you vent it using the steam release (as appropriate). Always verify the float valve drops before opening.","Safety","Instant Pot Duo User Manual (Safety Information)","2026-02-01"
"What should I do before each use?","Inspect the sealing ring, confirm the float valve and steam release parts are clean and move freely, ensure the inner pot is seated, and verify the steam release is set correctly for pressure cooking.","Safety","Instant Pot Duo User Manual (Pre-Use Checks)","2026-02-01"
"Can I use the Instant Pot Duo without the condensation collector installed?","The cooker can often operate, but the collector helps manage condensation and keeps the area cleaner. Install it as directed and empty/clean it regularly.","Setup","Instant Pot Duo User Manual (Condensation Collector)","2026-02-01"
"Why do recipes say to add dairy after pressure cooking?","Dairy can scorch and thicken liquids, increasing the chance of burn warnings. Adding dairy after pressure cooking (then warming with Sauté) reduces scorching risk.","Cooking Tips","Instant Pot Duo User Manual (Cooking Tips)","2026-02-01"
"Why does my soup taste less concentrated than stovetop soup?","Pressure cooking minimizes evaporation. To concentrate flavors, use Sauté after cooking to simmer and reduce, or adjust seasonings after cooking.","Cooking Tips","Instant Pot Duo User Manual (Thickening & Sauté)","2026-02-01"
"How do I safely clean after a foamy recipe?","After cooling and depressurizing, remove and wash the sealing ring and steam release components. Clean any residue from the lid underside and steam path, then dry thoroughly.","Care & Cleaning","Instant Pot Duo User Manual (Cleaning Lid Parts)","2026-02-01"
